n,k,id1,id2,time_no_mu,time_mu
50,1000,0,0,300.90262975892983,4.837955533992499
50,1000,0,1,0.041436705039814115,0.09292759792879224
50,1000,0,2,0.041575059993192554,0.09153023199178278
50,1000,0,3,0.04841469204984605,0.10674596717581153
50,1000,0,4,0.0475153389852494,0.1086698709987104
50,1000,0,5,0.048211666056886315,0.15744661004282534
50,1000,0,6,0.051217291969805956,0.10407349094748497
50,1000,0,7,0.048908614087849855,0.10711615206673741
50,1000,0,8,0.04663916793651879,0.10907124006189406
50,1000,0,9,0.04744269489310682,0.14081136812455952
50,1000,0,10,0.047225454822182655,0.10605227388441563
50,1000,0,11,0.04823166620917618,0.10550495120696723
50,1000,0,12,0.04943738994188607,0.10791082610376179
50,1000,0,13,0.09037896106019616,0.10691033978946507
50,1000,0,14,0.04827648191712797,0.10522927716374397
50,1000,0,15,0.04886142094619572,0.10715504083782434
50,1000,0,16,0.04970022104680538,0.10571561916731298
50,1000,0,17,0.048326018964871764,0.10977283702231944
50,1000,0,18,0.04616713896393776,0.10763968201354146
50,1000,0,19,0.04157620598562062,0.09302270482294261
50,1000,0,20,0.042523706099018455,0.09297527791932225
50,1000,0,21,0.04340735892765224,0.09361604391597211
50,1000,0,22,0.041828267043456435,0.0925130199175328
50,1000,0,23,0.041819188045337796,0.09259268990717828
50,1000,0,24,0.04728128691203892,0.148839320987463
50,1000,0,25,0.04573961300775409,0.09209351614117622
50,1000,0,26,0.04085019789636135,0.09259302285499871
50,1000,0,27,0.04208775400184095,0.08290441101416945
50,1000,0,28,0.03810636303387582,0.11567578301765025
50,1000,0,29,0.042611059034243226,0.09375100815668702
50,1000,0,30,0.04220476094633341,0.09282189281657338
50,1000,0,31,0.04174333391711116,0.09231409290805459
50,1000,0,32,0.07252620393410325,0.08026671502739191
50,1000,0,33,0.0357451809104532,0.07752339099533856
50,1000,0,34,0.036544275004416704,0.07820588001050055
50,1000,0,35,0.035294597037136555,0.07877125195227563
50,1000,0,36,0.03503087512217462,0.07842350099235773
50,1000,0,37,0.039542818907648325,0.08745625196024776
50,1000,0,38,0.03691997309215367,0.08339133113622665
50,1000,0,39,0.035039693815633655,0.07786885788664222
50,1000,0,40,0.03583302814513445,0.07683995296247303
50,1000,0,41,0.03706402098760009,0.07616122299805284
50,1000,0,42,0.03467947500757873,0.0755168239120394
50,1000,0,43,0.033986008958891034,0.11721971700899303
50,1000,0,44,0.03602515603415668,0.07350568915717304
50,1000,0,45,0.035708256997168064,0.07939503691159189
50,1000,0,46,0.03374606603756547,0.07618959806859493
50,1000,0,47,0.03404304385185242,0.10399253200739622
50,1000,0,48,0.03431966598145664,0.07465510698966682
50,1000,0,49,0.0349390918854624,0.07852856907993555
50,1000,1,1,288.0140442890115,4.9331665800418705
50,1000,1,2,0.0617131139151752,0.08607571385800838
50,1000,1,3,0.0509473558049649,0.10862087504938245
50,1000,1,4,0.05046895518898964,0.11193995899520814
50,1000,1,5,0.049488659016788006,0.11166980699636042
50,1000,1,6,0.053359763929620385,0.10986004397273064
50,1000,1,7,0.03740128013305366,0.0825537289492786
50,1000,1,8,0.04055849206633866,0.0908411939162761
50,1000,1,9,0.048921264009550214,0.10952593619003892
50,1000,1,10,0.04806202813051641,0.109331747982651
50,1000,1,11,0.05019226996228099,0.10718752001412213
50,1000,1,12,0.04979104408994317,0.09500685217790306
50,1000,1,13,0.04065852193161845,0.11627816292457283
50,1000,1,14,0.05530882999300957,0.10713496408425272
50,1000,1,15,0.05104626901447773,0.10835336404852569
50,1000,1,16,0.05355197889730334,0.11200407310388982
50,1000,1,17,0.12438220693729818,0.11288492614403367
50,1000,1,18,0.03840814996510744,0.08273718506097794
50,1000,1,19,0.03917172993533313,0.08399729104712605
50,1000,1,20,0.036190837854519486,0.08578474191017449
50,1000,1,21,0.06231924798339605,0.07598170102573931
50,1000,1,22,0.03747217613272369,0.08256379002705216
50,1000,1,23,0.03749202401377261,0.08141928305849433
50,1000,1,24,0.036476860055699944,0.07591669890098274
50,1000,1,25,0.037265332881361246,0.08130482281558216
50,1000,1,26,0.037157750921323895,0.08335518604144454
50,1000,1,27,0.03672301908954978,0.07412680797278881
50,1000,1,28,0.03381205420009792,0.07975457818247378
50,1000,1,29,0.03889496298506856,0.0851897350512445
50,1000,1,30,0.03489104378968477,0.08028862508945167
50,1000,1,31,0.03818649495951831,0.08127576485276222
50,1000,1,32,0.037194540025666356,0.1114911527838558
50,1000,1,33,0.03599177487194538,0.07926309504546225
50,1000,1,34,0.03834233502857387,0.08042320981621742
50,1000,1,35,0.04406336788088083,0.09704754478298128
50,1000,1,36,0.08166984398849308,0.07688341196626425
50,1000,1,37,0.03775838413275778,0.07935067196376622
50,1000,1,38,0.0351562281139195,0.08007794013246894
50,1000,1,39,0.0339366658590734,0.07724229106679559
50,1000,1,40,0.060359491035342216,0.07718603406101465
50,1000,1,41,0.038323296001181006,0.07799722906202078
50,1000,1,42,0.035360074834898114,0.08007081388495862
50,1000,1,43,0.035764757078140974,0.07654107012785971
50,1000,1,44,0.03813737607561052,0.08155065192840993
50,1000,1,45,0.03714920091442764,0.07755064312368631
50,1000,1,46,0.03496194211766124,0.07377097685821354
50,1000,1,47,0.033899601083248854,0.07548366510309279
50,1000,1,48,0.03452229895628989,0.07765317591838539
50,1000,1,49,0.034859525971114635,0.0788860460743308
50,1000,2,2,134.7252536099404,6.030983394011855
50,1000,2,3,0.04311942495405674,0.09382021799683571
50,1000,2,4,0.04424579511396587,0.09384911088272929
50,1000,2,5,0.04299947991967201,0.09594410913996398
50,1000,2,6,0.045568878995254636,0.09764260612428188
50,1000,2,7,0.042077465914189816,0.09758342895656824
50,1000,2,8,0.042199857998639345,0.09619692992419004
50,1000,2,9,0.04250553296878934,0.09663563501089811
50,1000,2,10,0.04319516499526799,0.0948398020118475
50,1000,2,11,0.04625405301339924,0.09309526812285185
50,1000,2,12,0.04140692995861173,0.09208104503341019
50,1000,2,13,0.04248594306409359,0.13885148707777262
50,1000,2,14,0.04388122702948749,0.0928898579441011
50,1000,2,15,0.0425062261056155,0.09032688802108169
50,1000,2,16,0.040723225800320506,0.09390689292922616
50,1000,2,17,0.0409313440322876,0.13393348990939558
50,1000,2,18,0.042654230957850814,0.08368029515258968
50,1000,2,19,0.03702279715798795,0.0809887801297009
50,1000,2,20,0.03753521991893649,0.08056716807186604
50,1000,2,21,0.06973660900257528,0.08471903903409839
50,1000,2,22,0.03692226321436465,0.08072323515079916
50,1000,2,23,0.04144814680330455,0.09168022801168263
50,1000,2,24,0.042522612027823925,0.09202076494693756
50,1000,2,25,0.0402996048796922,0.09129882487468421
50,1000,2,26,0.03884868696331978,0.08350411802530289
50,1000,2,27,0.038093098206445575,0.08179901214316487
50,1000,2,28,0.03634210699237883,0.08108873083256185
50,1000,2,29,0.04076815815642476,0.08245133492164314
50,1000,2,30,0.03725210786797106,0.08215601788833737
50,1000,2,31,0.03663129894994199,0.08074228907935321
50,1000,2,32,0.03656963794492185,0.12297759298235178
50,1000,2,33,0.03974980395287275,0.08144058310426772
50,1000,2,34,0.03891871916130185,0.08035434409976006
50,1000,2,35,0.03835389111191034,0.08713109698146582
50,1000,2,36,0.03782290802337229,0.1225631560664624
50,1000,2,37,0.04090108000673354,0.08441734313964844
50,1000,2,38,0.037471893010661006,0.08442641794681549
50,1000,2,39,0.038413997972384095,0.08295721095055342
50,1000,2,40,0.0806881901808083,0.0985484670381993
50,1000,2,41,0.046525678131729364,0.09676092094741762
50,1000,2,42,0.04451147513464093,0.09830119111575186
50,1000,2,43,0.04417384113185108,0.09830119996331632
50,1000,2,44,0.044651801930740476,0.09872960299253464
50,1000,2,45,0.0446570951025933,0.10109850997105241
50,1000,2,46,0.043591625057160854,0.10146426293067634
50,1000,2,47,0.04413866717368364,0.09695367491804063
50,1000,2,48,0.04499043896794319,0.0988824269734323
50,1000,2,49,0.04417095705866814,0.0973980319686234
50,1000,3,3,155.4693045981694,5.749883896904066
50,1000,3,4,0.04520596098154783,0.09733002097345889
50,1000,3,5,0.046177444979548454,0.09405851317569613
50,1000,3,6,0.04835392301902175,0.09640552592463791
50,1000,3,7,0.04310873802751303,0.09971945802681148
50,1000,3,8,0.043710954021662474,0.09614096698351204
50,1000,3,9,0.048648283118382096,0.10898488899692893
50,1000,3,10,0.04765351093374193,0.1400969389360398
50,1000,3,11,0.048602302093058825,0.1053388009313494
50,1000,3,12,0.04998466093093157,0.10436544800177217
50,1000,3,13,0.04910301906056702,0.10490583698265254
50,1000,3,14,0.1068543940782547,0.10589068895205855
50,1000,3,15,0.04865882801823318,0.11090887896716595
50,1000,3,16,0.049741393188014627,0.11041852808557451
50,1000,3,17,0.04747891309671104,0.11003842996433377
50,1000,3,18,0.07997498009353876,0.10887962696142495
50,1000,3,19,0.049179410096257925,0.10859664902091026
50,1000,3,20,0.048727612011134624,0.10903813992626965
50,1000,3,21,0.04672080697491765,0.10384174901992083
50,1000,3,22,0.047713038977235556,0.10556915192864835
50,1000,3,23,0.04822343494743109,0.10434330394491553
50,1000,3,24,0.04691983596421778,0.10549137811176479
50,1000,3,25,0.04688304290175438,0.10853388113901019
50,1000,3,26,0.04798082401975989,0.11046985303983092
50,1000,3,27,0.055419913958758116,0.10817229491658509
50,1000,3,28,0.04826341080479324,0.10885363700799644
50,1000,3,29,0.04818592895753682,0.14137038798071444
50,1000,3,30,0.04919340298511088,0.10747436410747468
50,1000,3,31,0.04842719295993447,0.10392045881599188
50,1000,3,32,0.048366897040978074,0.1066944191697985
50,1000,3,33,0.0973211289383471,0.09561139298602939
50,1000,3,34,0.04571239301003516,0.10420022113248706
50,1000,3,35,0.04432595707476139,0.09967808984220028
50,1000,3,36,0.04311376018449664,0.09916890203021467
50,1000,3,37,0.07237740000709891,0.10160866100341082
50,1000,3,38,0.0460303770378232,0.10207962500862777
50,1000,3,39,0.04836996993981302,0.10511175100691617
50,1000,3,40,0.04818726796656847,0.10638598003424704
50,1000,3,41,0.052792973816394806,0.10823726607486606
50,1000,3,42,0.04928519786335528,0.10707894200459123
50,1000,3,43,0.044412428978830576,0.09666326595470309
50,1000,3,44,0.044664506101980805,0.0978226619772613
50,1000,3,45,0.04413885809481144,0.09936367184855044
50,1000,3,46,0.04495445196516812,0.09742192691192031
50,1000,3,47,0.04666109103709459,0.10160773596726358
50,1000,3,48,0.047457186970859766,0.14037231798283756
50,1000,3,49,0.051059931982308626,0.10764863505028188
50,1000,4,4,41.82697389507666,4.912225395906717
50,1000,4,5,0.0485586819704622,0.14894685801118612
50,1000,4,6,0.050454803043976426,0.10813899803906679
50,1000,4,7,0.04853689600713551,0.1066178590990603
50,1000,4,8,0.04779279907234013,0.10658386605791748
50,1000,4,9,0.0825146809220314,0.10586852510459721
50,1000,4,10,0.046288223937153816,0.09610697813332081
50,1000,4,11,0.042495680041611195,0.09223349299281836
50,1000,4,12,0.04211069596931338,0.09372232598252594
50,1000,4,13,0.03997919685207307,0.08230411889962852
50,1000,4,14,0.046261620009317994,0.1033452320843935
50,1000,4,15,0.04479903099127114,0.09850642504170537
50,1000,4,16,0.042432092130184174,0.09635222610086203
50,1000,4,17,0.043054269859567285,0.10374003299511969
50,1000,4,18,0.04655606090091169,0.10299608786590397
50,1000,4,19,0.04787127790041268,0.10678484616801143
50,1000,4,20,0.04710269998759031,0.15012043109163642
50,1000,4,21,0.048707883106544614,0.09506370802409947
50,1000,4,22,0.04371061106212437,0.0935234921053052
50,1000,4,23,0.03727498999796808,0.08041714900173247
50,1000,4,24,0.036399726988747716,0.12697428301908076
50,1000,4,25,0.038091837894171476,0.08453411399386823
50,1000,4,26,0.03768820106051862,0.08343205507844687
50,1000,4,27,0.04017195990309119,0.08392293006181717
50,1000,4,28,0.0736902179196477,0.09516043891198933
50,1000,4,29,0.045708338962867856,0.09344370593316853
50,1000,4,30,0.042373556876555085,0.0928491628728807
50,1000,4,31,0.04255693801678717,0.0931367080193013
50,1000,4,32,0.0436579161323607,0.09332083817571402
50,1000,4,33,0.04325055098161101,0.10248067788779736
50,1000,4,34,0.04453238006681204,0.09547307901084423
50,1000,4,35,0.041492199059575796,0.09659296995960176
50,1000,4,36,0.04332548310048878,0.09547114302404225
50,1000,4,37,0.04274855996482074,0.09658058499917388
50,1000,4,38,0.042309320997446775,0.09404287999495864
50,1000,4,39,0.04326853691600263,0.13531682989560068
50,1000,4,40,0.043775852071121335,0.0941570729482919
50,1000,4,41,0.04386696498841047,0.09570441395044327
50,1000,4,42,0.042660101084038615,0.09163285978138447
50,1000,4,43,0.04121069400571287,0.14099744288250804
50,1000,4,44,0.04308839002624154,0.09592485893517733
50,1000,4,45,0.04280061717145145,0.09858655277639627
50,1000,4,46,0.046252878149971366,0.10508383298292756
50,1000,4,47,0.08518758602440357,0.09940737602300942
50,1000,4,48,0.046764724887907505,0.10164564801380038
50,1000,4,49,0.054080317029729486,0.11467935820110142
50,1000,5,5,10.849845856893808,4.675938946194947
50,1000,5,6,0.04769287188537419,0.09773858007974923
50,1000,5,7,0.044591353042051196,0.0924767660908401
50,1000,5,8,0.036814532009884715,0.08545287884771824
50,1000,5,9,0.10484801512211561,0.08684188406914473
50,1000,5,10,0.04301108606159687,0.09872379805892706
50,1000,5,11,0.03545571002177894,0.08114493102766573
50,1000,5,12,0.039120780071243644,0.08281815703958273
50,1000,5,13,0.062361357966437936,0.07917078211903572
50,1000,5,14,0.038792349165305495,0.08201400213874876
50,1000,5,15,0.03596180118620396,0.0778553148265928
50,1000,5,16,0.03632068703882396,0.0779322658199817
50,1000,5,17,0.03644013497978449,0.07939345692284405
50,1000,5,18,0.04241983103565872,0.09211090207099915
50,1000,5,19,0.036366768879815936,0.0771998658310622
50,1000,5,20,0.03946789097972214,0.09912220179103315
50,1000,5,21,0.05436327098868787,0.12662448291666806
50,1000,5,22,0.048992451978847384,0.10927912406623363
50,1000,5,23,0.04841210599988699,0.10526781901717186
50,1000,5,24,0.050034058978781104,0.15710813412442803
50,1000,5,25,0.052372717997059226,0.10902461409568787
50,1000,5,26,0.03612070600502193,0.07847559708170593
50,1000,5,27,0.04074906394816935,0.08510708808898926
50,1000,5,28,0.12491039116866887,0.10686706216074526
50,1000,5,29,0.049732254119589925,0.11619631107896566
50,1000,5,30,0.047336969058960676,0.1145569768268615
50,1000,5,31,0.04869539407081902,0.11308900802396238
50,1000,5,32,0.09292438998818398,0.09742242703214288
50,1000,5,33,0.03560099704191089,0.07540421187877655
50,1000,5,34,0.036615425953641534,0.07499388791620731
50,1000,5,35,0.04138443595729768,0.08725259499624372
50,1000,5,36,0.04838802991434932,0.10096273594535887
50,1000,5,37,0.04849514691159129,0.10526361991651356
50,1000,5,38,0.050307445926591754,0.11466948594897985
50,1000,5,39,0.05226184404455125,0.12167647178284824
50,1000,5,40,0.041552617913112044,0.09310619300231338
50,1000,5,41,0.039432778023183346,0.08159952494315803
50,1000,5,42,0.041143998969346285,0.08874745387583971
50,1000,5,43,0.04179820790886879,0.12509837513789535
50,1000,5,44,0.04482596484012902,0.0802167949732393
50,1000,5,45,0.03742072498425841,0.07711044908501208
50,1000,5,46,0.035160209983587265,0.07538228505291045
50,1000,5,47,0.09573603910394013,0.08649111492559314
50,1000,5,48,0.03544283518567681,0.08014552597887814
50,1000,5,49,0.03569330810569227,0.08292068913578987
50,1000,6,6,66.28599964804016,4.29965935414657
50,1000,6,7,0.03488533990457654,0.07615308091044426
50,1000,6,8,0.0337374450173229,0.07569090789183974
50,1000,6,9,0.03805831610225141,0.07603306509554386
50,1000,6,10,0.03498116019181907,0.08011237718164921
50,1000,6,11,0.034888423047959805,0.07492119702510536
50,1000,6,12,0.03467626799829304,0.07476268708705902
50,1000,6,13,0.03660998889245093,0.11806572298519313
50,1000,6,14,0.03632939490489662,0.07926814490929246
50,1000,6,15,0.03514565899968147,0.07361923507414758
50,1000,6,16,0.03395772795192897,0.07476968201808631
50,1000,6,17,0.03456293884664774,0.11448821285739541
50,1000,6,18,0.03546289005316794,0.0764673980884254
50,1000,6,19,0.03450599894858897,0.07494295900687575
50,1000,6,20,0.03489855909720063,0.07540481095202267
50,1000,6,21,0.06778108701109886,0.07924960483796895
50,1000,6,22,0.03470110590569675,0.07505280897021294
50,1000,6,23,0.03455622005276382,0.07486304198391736
50,1000,6,24,0.035811795853078365,0.0746900720987469
50,1000,6,25,0.03545471909455955,0.08094072015956044
50,1000,6,26,0.034062397899106145,0.07677043485455215
50,1000,6,27,0.035098252119496465,0.07565775606781244
50,1000,6,28,0.03564700088463724,0.07528973207809031
50,1000,6,29,0.03535966109484434,0.08027228014543653
50,1000,6,30,0.03494776086881757,0.07540960283949971
50,1000,6,31,0.03466155403293669,0.07519238907843828
50,1000,6,32,0.036510270088911057,0.11847401084378362
50,1000,6,33,0.03576502716168761,0.08003115491010249
50,1000,6,34,0.03577039088122547,0.07369763706810772
50,1000,6,35,0.03333454509265721,0.0758203980512917
50,1000,6,36,0.03490544902160764,0.11501956195570529
50,1000,6,37,0.03479252406395972,0.07646700809709728
50,1000,6,38,0.034617447992786765,0.07501400890760124
50,1000,6,39,0.03489305800758302,0.07501763082109392
50,1000,6,40,0.06960790697485209,0.07822391507215798
50,1000,6,41,0.0350566899869591,0.07476920308545232
50,1000,6,42,0.034925540909171104,0.07460625097155571
50,1000,6,43,0.03560642502270639,0.07485221396200359
50,1000,6,44,0.035053446888923645,0.08059948403388262
50,1000,6,45,0.03419250505976379,0.07639073906466365
50,1000,6,46,0.03396455990150571,0.0759158821310848
50,1000,6,47,0.036516383988782763,0.07552358484826982
50,1000,6,48,0.035456460900604725,0.08037687302567065
50,1000,6,49,0.034607455832883716,0.07483137003146112
50,1000,7,7,34.92433171905577,4.128342865034938
50,1000,7,8,0.03700105496682227,0.07999619306065142
50,1000,7,9,0.03608232201077044,0.0800453049596399
50,1000,7,10,0.034786699106916785,0.0792003117967397
50,1000,7,11,0.0354417790658772,0.11160313501022756
50,1000,7,12,0.036977624986320734,0.07922891387715936
50,1000,7,13,0.036170155042782426,0.07823298801667988
50,1000,7,14,0.03698882507160306,0.07912863488309085
50,1000,7,15,0.07316656108014286,0.07850509602576494
50,1000,7,16,0.03648617607541382,0.07704793009907007
50,1000,7,17,0.03706186101771891,0.0783010059967637
50,1000,7,18,0.03531233803369105,0.0758652298245579
50,1000,7,19,0.035166708985343575,0.07898759003728628
50,1000,7,20,0.03677019500173628,0.07962349499575794
50,1000,7,21,0.03530116891488433,0.07859382103197277
50,1000,7,22,0.03517195815220475,0.07784554501995444
50,1000,7,23,0.03584363614208996,0.07873577298596501
50,1000,7,24,0.0355015997774899,0.07866863603703678
50,1000,7,25,0.03508643084205687,0.0769664270337671
50,1000,7,26,0.036503182956948876,0.1232577410992235
50,1000,7,27,0.03743182588368654,0.07916545402258635
50,1000,7,28,0.03461939305998385,0.07931245397776365
50,1000,7,29,0.03487951587885618,0.07917389599606395
50,1000,7,30,0.03603733005002141,0.11134591395966709
50,1000,7,31,0.03657173505052924,0.07903595687821507
50,1000,7,32,0.03499163407832384,0.07539004599675536
50,1000,7,33,0.03640339896082878,0.07635557604953647
50,1000,7,34,0.07057834789156914,0.07841237494722009
50,1000,7,35,0.035050727892667055,0.07565933209843934
50,1000,7,36,0.03511043800972402,0.0750453039072454
50,1000,7,37,0.036503483075648546,0.07909877691417933
50,1000,7,38,0.03597430605441332,0.0807890729047358
50,1000,7,39,0.034652224043384194,0.07832768303342164
50,1000,7,40,0.03723817691206932,0.07947856304235756
50,1000,7,41,0.034709291998296976,0.07478875713422894
50,1000,7,42,0.03565183700993657,0.07742524682544172
50,1000,7,43,0.03723350306972861,0.07541978009976447
50,1000,7,44,0.03792795492336154,0.07641501701436937
50,1000,7,45,0.03476409986615181,0.11907314998097718
50,1000,7,46,0.03623323980718851,0.07421342795714736
50,1000,7,47,0.0373623960185796,0.08064866694621742
50,1000,7,48,0.03483998007141054,0.07950504799373448
50,1000,7,49,0.03560971491970122,0.10817250097170472
50,1000,8,8,858.3909599229228,4.044493232853711
50,1000,8,9,0.03153402102179825,0.0739086540415883
50,1000,8,10,0.032240257831290364,0.07261206302791834
50,1000,8,11,0.03235228802077472,0.07240288285538554
50,1000,8,12,0.03309311787597835,0.07361810491420329
50,1000,8,13,0.03390688681975007,0.07286590989679098
50,1000,8,14,0.03377722203731537,0.07274730713106692
50,1000,8,15,0.03297271393239498,0.11579689919017255
50,1000,8,16,0.03554920689202845,0.07231038506142795
50,1000,8,17,0.03171343682333827,0.07351966807618737
50,1000,8,18,0.031228412874042988,0.07333404687233269
50,1000,8,19,0.031107681803405285,0.10130293993279338
50,1000,8,20,0.03303072485141456,0.07308212295174599
50,1000,8,21,0.03242322290316224,0.0725233000703156
50,1000,8,22,0.03244216600432992,0.07316373800858855
50,1000,8,23,0.06716885883361101,0.07413339801132679
50,1000,8,24,0.03329400694929063,0.0735017959959805
50,1000,8,25,0.033768015913665295,0.07396813505329192
50,1000,8,26,0.033279084134846926,0.07193444785661995
50,1000,8,27,0.03518084995448589,0.0737240209709853
50,1000,8,28,0.031840382143855095,0.07397816400043666
50,1000,8,29,0.03317385306581855,0.0733498961199075
50,1000,8,30,0.0333017751108855,0.07283081603236496
50,1000,8,31,0.03430941910482943,0.07400389108806849
50,1000,8,32,0.03405800717882812,0.07307352614589036
50,1000,8,33,0.03315456211566925,0.07370901200920343
50,1000,8,34,0.033932761987671256,0.11571966391056776
50,1000,8,35,0.03407438797876239,0.07234366098418832
50,1000,8,36,0.0322602060623467,0.07359532616101205
50,1000,8,37,0.0320816149469465,0.07349648512899876
50,1000,8,38,0.031732753152027726,0.10083110607229173
50,1000,8,39,0.03441726602613926,0.07318229298107326
50,1000,8,40,0.03398847999051213,0.07364056911319494
50,1000,8,41,0.03483703499659896,0.07421144098043442
50,1000,8,42,0.06694779102690518,0.07323103700764477
50,1000,8,43,0.033132971031591296,0.0731375829782337
50,1000,8,44,0.03488243208266795,0.07301572989672422
50,1000,8,45,0.034074679017066956,0.072070725960657
50,1000,8,46,0.033551902044564486,0.0741192779969424
50,1000,8,47,0.03274893993511796,0.07384663308039308
50,1000,8,48,0.033558938885107636,0.07339159399271011
50,1000,8,49,0.03340731607750058,0.07736687106080353
50,1000,9,9,131.35234653390944,4.08260873099789
50,1000,9,10,0.032917411997914314,0.0987627268768847
50,1000,9,11,0.039111232152208686,0.07346437801606953
50,1000,9,12,0.03370818682014942,0.0731549069751054
50,1000,9,13,0.03408870683051646,0.07300742086954415
50,1000,9,14,0.03429662296548486,0.1180409430526197
50,1000,9,15,0.03230500407516956,0.07373750512488186
50,1000,9,16,0.03205294790677726,0.0739689851179719
50,1000,9,17,0.032450130907818675,0.07254946092143655
50,1000,9,18,0.05806592991575599,0.07290506386198103
50,1000,9,19,0.032975094858556986,0.07321217097342014
50,1000,9,20,0.03320826683193445,0.07253784406930208
50,1000,9,21,0.032458828995004296,0.07231214293278754
50,1000,9,22,0.034490662859752774,0.0734863500110805
50,1000,9,23,0.03305367100983858,0.07164800493046641
50,1000,9,24,0.03296672902069986,0.07275434979237616
50,1000,9,25,0.03111277404241264,0.07263856194913387
50,1000,9,26,0.03266872907988727,0.07268098881468177
50,1000,9,27,0.03791533503681421,0.07295486098155379
50,1000,9,28,0.0328384549356997,0.072717399103567
50,1000,9,29,0.03300713608041406,0.10487911407835782
50,1000,9,30,0.033490048022940755,0.07373175607062876
50,1000,9,31,0.033020657021552324,0.07242768397554755
50,1000,9,32,0.0328305559232831,0.07272428716532886
50,1000,9,33,0.03265702095814049,0.11773782805539668
50,1000,9,34,0.032813973957672715,0.0732641820795834
50,1000,9,35,0.03139751311391592,0.07360372296534479
50,1000,9,36,0.03275624010711908,0.07227816502563655
50,1000,9,37,0.058040780015289783,0.07323568104766309
50,1000,9,38,0.03254265105351806,0.07243581395596266
50,1000,9,39,0.03292934596538544,0.07252916600555182
50,1000,9,40,0.03303573187440634,0.0723176768515259
50,1000,9,41,0.03524447698146105,0.07356422580778599
50,1000,9,42,0.03342337696813047,0.07152930391021073
50,1000,9,43,0.031041629146784544,0.07286071917042136
50,1000,9,44,0.03376959986053407,0.07269610301591456
50,1000,9,45,0.03315783687867224,0.07302728807553649
50,1000,9,46,0.03291567997075617,0.0726782358251512
50,1000,9,47,0.032883115112781525,0.07236813986673951
50,1000,9,48,0.032588438130915165,0.10465848096646369
50,1000,9,49,0.0340325019787997,0.07321050693280995
50,1000,10,10,15.743122138781473,3.9582041741814464
50,1000,10,11,0.03246849309653044,0.07276694197207689
50,1000,10,12,0.033725006971508265,0.07374652102589607
50,1000,10,13,0.033199266996234655,0.07270809286274016
50,1000,10,14,0.03310326603241265,0.07138734799809754
50,1000,10,15,0.031159647973254323,0.07244745106436312
50,1000,10,16,0.03221170185133815,0.07336806412786245
50,1000,10,17,0.032703622011467814,0.0731312318239361
50,1000,10,18,0.03263162402436137,0.07235344895161688
50,1000,10,19,0.03241837094537914,0.09950887807644904
50,1000,10,20,0.033212482929229736,0.07352846907451749
50,1000,10,21,0.032476328080520034,0.07278791791759431
50,1000,10,22,0.032767216907814145,0.0729701779782772
50,1000,10,23,0.07735939789563417,0.07276798994280398
50,1000,10,24,0.031792256981134415,0.07324203080497682
50,1000,10,25,0.031665628077462316,0.07350457785651088
50,1000,10,26,0.03142447490245104,0.07370455493219197
50,1000,10,27,0.05781895015388727,0.07302380306646228
50,1000,10,28,0.03224818408489227,0.07256761495955288
50,1000,10,29,0.032821041997522116,0.07282396894879639
50,1000,10,30,0.032363818027079105,0.07263318379409611
50,1000,10,31,0.03400059090927243,0.07314705406315625
50,1000,10,32,0.033079516841098666,0.07305115507915616
50,1000,10,33,0.03285711188800633,0.07217751303687692
50,1000,10,34,0.03163755009882152,0.0726923558395356
50,1000,10,35,0.03174950601533055,0.0739511139690876
50,1000,10,36,0.03267926583066583,0.0733670808840543
50,1000,10,37,0.03270317101851106,0.07256345613859594
50,1000,10,38,0.032651404151692986,0.09952144417911768
50,1000,10,39,0.03302354784682393,0.07390058180317283
50,1000,10,40,0.03300592605955899,0.07252358994446695
50,1000,10,41,0.032887812005355954,0.07253248803317547
50,1000,10,42,0.07748752809129655,0.07233583088964224
50,1000,10,43,0.03170364280231297,0.07358164596371353
50,1000,10,44,0.031597138149663806,0.07342809904366732
50,1000,10,45,0.031565455021336675,0.07347910897806287
50,1000,10,46,0.056921221083030105,0.07322772894985974
50,1000,10,47,0.03284531109966338,0.07244803686626256
50,1000,10,48,0.0326474669855088,0.07254285202361643
50,1000,10,49,0.03270092396996915,0.07254355889745057
50,1000,11,11,29.150068525923416,4.073619177797809
50,1000,11,12,0.03344413707964122,0.07186383497901261
50,1000,11,13,0.03216312895528972,0.07262750808149576
50,1000,11,14,0.031754357973113656,0.07364650978706777
50,1000,11,15,0.033011541003361344,0.07266899105161428
50,1000,11,16,0.03263224312104285,0.0719397182110697
50,1000,11,17,0.032262237975373864,0.09918822790496051
50,1000,11,18,0.03311519091948867,0.07346404786221683
50,1000,11,19,0.033017509849742055,0.07253209804184735
50,1000,11,20,0.03303205082193017,0.07244637701660395
50,1000,11,21,0.07790613290853798,0.07262243004515767
50,1000,11,22,0.0317254071123898,0.07325569097884
50,1000,11,23,0.03123638592660427,0.07385915401391685
50,1000,11,24,0.031384546076878905,0.07350388611666858
50,1000,11,25,0.057395588140934706,0.07283265190199018
50,1000,11,26,0.033220476005226374,0.07280120206996799
50,1000,11,27,0.035174316028133035,0.07287238305434585
50,1000,11,28,0.03260475699789822,0.07246831804513931
50,1000,11,29,0.03471468901261687,0.07291808701120317
50,1000,11,30,0.033047300996258855,0.07244953094050288
50,1000,11,31,0.03289852081798017,0.0713715199381113
50,1000,11,32,0.03100845287553966,0.07224381505511701
50,1000,11,33,0.031705772038549185,0.07389662088826299
50,1000,11,34,0.03371084900572896,0.07259727409109473
50,1000,11,35,0.03262291382998228,0.07222014595754445
50,1000,11,36,0.03275388199836016,0.09964657598175108
50,1000,11,37,0.033408700954169035,0.07415091805160046
50,1000,11,38,0.03312705480493605,0.07279101083986461
50,1000,11,39,0.0335364299826324,0.07266151602379978
50,1000,11,40,0.07800432085059583,0.07288190489634871
50,1000,11,41,0.0326521520037204,0.07331861206330359
50,1000,11,42,0.03164779208600521,0.07337950100190938
50,1000,11,43,0.03131189593113959,0.07385974889621139
50,1000,11,44,0.05800746288150549,0.07263570791110396
50,1000,11,45,0.032950985012575984,0.07255061692558229
50,1000,11,46,0.033248672960326076,0.07243851898238063
50,1000,11,47,0.03275807714089751,0.07219733507372439
50,1000,11,48,0.0341473831795156,0.07339689810760319
50,1000,11,49,0.033312883926555514,0.0732134219724685
50,1000,12,12,57.00946655403823,4.162469531176612
50,1000,12,13,0.03391764801926911,0.07367720198817551
50,1000,12,14,0.03395031113177538,0.0731940409168601
50,1000,12,15,0.033187187975272536,0.07296609901823103
50,1000,12,16,0.07616011891514063,0.07433001697063446
50,1000,12,17,0.03534678602591157,0.07179478695616126
50,1000,12,18,0.03141186200082302,0.07336686505004764
50,1000,12,19,0.03115419391542673,0.07346333703026175
50,1000,12,20,0.06292604608461261,0.07324015581980348
50,1000,12,21,0.03270306717604399,0.07288328604772687
50,1000,12,22,0.03241934790275991,0.07254057889804244
50,1000,12,23,0.03259743913076818,0.07238847808912396
50,1000,12,24,0.033926550997421145,0.07305122492834926
50,1000,12,25,0.03276466904208064,0.07275573210790753
50,1000,12,26,0.03272369410842657,0.07298285514116287
50,1000,12,27,0.034296483965590596,0.07181623508222401
50,1000,12,28,0.03220006194896996,0.07349157612770796
50,1000,12,29,0.031096961116418242,0.07346821017563343
50,1000,12,30,0.032298988895490766,0.07244340307079256
50,1000,12,31,0.03242090996354818,0.09782755910418928
50,1000,12,32,0.03271538903936744,0.07313975994475186
50,1000,12,33,0.03245651698671281,0.07261354103684425
50,1000,12,34,0.0333000379614532,0.07245694100856781
50,1000,12,35,0.07556153810583055,0.07375912507995963
50,1000,12,36,0.03342772903852165,0.07187635102309287
50,1000,12,37,0.03126535098999739,0.07337073003873229
50,1000,12,38,0.03226794092915952,0.07327928300946951
50,1000,12,39,0.062658746028319,0.07333584898151457
50,1000,12,40,0.03297585202381015,0.07291557500138879
50,1000,12,41,0.03375185397453606,0.07273746514692903
50,1000,12,42,0.032598093152046204,0.07262431900016963
50,1000,12,43,0.03496426111087203,0.07359956321306527
50,1000,12,44,0.03420007601380348,0.07270494592376053
50,1000,12,45,0.03275564592331648,0.07284590788185596
50,1000,12,46,0.032807430950924754,0.07193378987722099
50,1000,12,47,0.0319136600010097,0.07377378712408245
50,1000,12,48,0.031129900831729174,0.07355796592310071
50,1000,12,49,0.032867135014384985,0.0724698668345809
50,1000,13,13,124.34558413201012,4.143616125918925
50,1000,13,14,0.03339157602749765,0.0721702128648758
50,1000,13,15,0.0327401221729815,0.07252167398110032
50,1000,13,16,0.033093206817284226,0.07363179186359048
50,1000,13,17,0.031113133998587728,0.07346158404834569
50,1000,13,18,0.030937928007915616,0.07350045209750533
50,1000,13,19,0.031983240973204374,0.07228265795856714
50,1000,13,20,0.033003148855641484,0.07303410908207297
50,1000,13,21,0.032438467955216765,0.07255944306962192
50,1000,13,22,0.032040839083492756,0.07247352506965399
50,1000,13,23,0.03231093310751021,0.11323661915957928
50,1000,13,24,0.03336173086427152,0.07336050807498395
50,1000,13,25,0.033128251787275076,0.07191451522521675
50,1000,13,26,0.031306885881349444,0.07285432913340628
50,1000,13,27,0.034769434947520494,0.10804837103933096
50,1000,13,28,0.03248460893519223,0.07291461410932243
50,1000,13,29,0.033912559039890766,0.07261266582645476
50,1000,13,30,0.032548086950555444,0.07268974906764925
50,1000,13,31,0.06388494488783181,0.0735604411456734
50,1000,13,32,0.0323758649174124,0.07266211602836847
50,1000,13,33,0.03263183915987611,0.07275002705864608
50,1000,13,34,0.03429602179676294,0.07270067394711077
50,1000,13,35,0.03261191118508577,0.07378877117298543
50,1000,13,36,0.03161344607360661,0.07362181297503412
50,1000,13,37,0.03152571595273912,0.07391359703615308
50,1000,13,38,0.03235582401975989,0.07271949108690023
50,1000,13,39,0.03352713002823293,0.07313894294202328
50,1000,13,40,0.033540764125064015,0.07254680595360696
50,1000,13,41,0.033522783080115914,0.07293767109513283
50,1000,13,42,0.03668469190597534,0.11286502098664641
50,1000,13,43,0.03336673812009394,0.07362357201054692
50,1000,13,44,0.03710444690659642,0.0719709419645369
50,1000,13,45,0.03121391497552395,0.07337834499776363
50,1000,13,46,0.03165731183253229,0.10748596698977053
50,1000,13,47,0.033466802909970284,0.0729182839859277
50,1000,13,48,0.03226954606361687,0.07256029802374542
50,1000,13,49,0.03269261191599071,0.072053296957165
50,1000,14,14,2098.8867922569625,4.095024273963645
50,1000,14,15,0.031083439011126757,0.07333306106738746
50,1000,14,16,0.03216636413708329,0.07357303099706769
50,1000,14,17,0.06026345491409302,0.07298491685651243
50,1000,14,18,0.03298833011649549,0.07278888789005578
50,1000,14,19,0.032620673067867756,0.07254169508814812
50,1000,14,20,0.03240295802243054,0.07272345898672938
50,1000,14,21,0.03388746897689998,0.07351366896182299
50,1000,14,22,0.033225559862330556,0.07300323899835348
50,1000,14,23,0.03276676498353481,0.07169992104172707
50,1000,14,24,0.0312462798319757,0.07261526701040566
50,1000,14,25,0.032083068042993546,0.07386922417208552
50,1000,14,26,0.03252927795983851,0.07321105804294348
50,1000,14,27,0.03317195293493569,0.07260888000018895
50,1000,14,28,0.03225438599474728,0.09978877496905625
50,1000,14,29,0.03332421206869185,0.07402584119699895
50,1000,14,30,0.033096636878326535,0.07253922591917217
50,1000,14,31,0.03275970206595957,0.07241022889502347
50,1000,14,32,0.07739411690272391,0.07274224213324487
50,1000,14,33,0.03170056291855872,0.07358688511885703
50,1000,14,34,0.03199439705349505,0.07370720896869898
50,1000,14,35,0.031185953179374337,0.07386130304075778
50,1000,14,36,0.05738324881531298,0.07314068917185068
50,1000,14,37,0.032784238923341036,0.07285666419193149
50,1000,14,38,0.03249587188474834,0.07271366287022829
50,1000,14,39,0.03238080511800945,0.07244131295010448
50,1000,14,40,0.033843366894870996,0.07365497294813395
50,1000,14,41,0.03350488096475601,0.0731088169850409
50,1000,14,42,0.03255527000874281,0.07159879012033343
50,1000,14,43,0.03099526697769761,0.07270488399080932
50,1000,14,44,0.03280488098971546,0.07361700991168618
50,1000,14,45,0.032499006018042564,0.07304863189347088
50,1000,14,46,0.03246498107910156,0.07239766092970967
50,1000,14,47,0.03251643106341362,0.09967210097238421
50,1000,14,48,0.03403980401344597,0.07328707515262067
50,1000,14,49,0.032984716119244695,0.07227845396846533
50,1000,15,15,11.686863689916208,4.19866541097872
50,1000,15,16,0.033553916960954666,0.07375799911096692
50,1000,15,17,0.03271977207623422,0.07245415612123907
50,1000,15,18,0.03244406799785793,0.07246995600871742
50,1000,15,19,0.03271609195508063,0.07277371501550078
50,1000,15,20,0.03198546194471419,0.07342801499180496
50,1000,15,21,0.03129936009645462,0.07351372390985489
50,1000,15,22,0.03123968793079257,0.0735872711520642
50,1000,15,23,0.03211395815014839,0.0959481499157846
50,1000,15,24,0.032507198164239526,0.0729262768290937
50,1000,15,25,0.032655162969604135,0.0727267200127244
50,1000,15,26,0.03266706992872059,0.07261701999232173
50,1000,15,27,0.07140786200761795,0.07355893403291702
50,1000,15,28,0.03336205589585006,0.07278297282755375
50,1000,15,29,0.03276088205166161,0.07150005409494042
50,1000,15,30,0.031000825809314847,0.07259321981109679
50,1000,15,31,0.032878739992156625,0.07389323506504297
50,1000,15,32,0.032797340070828795,0.07334122015163302
50,1000,15,33,0.0325258718803525,0.07265486009418964
50,1000,15,34,0.03296465100720525,0.07231538090854883
50,1000,15,35,0.03330767690204084,0.07354739191941917
50,1000,15,36,0.03286220785230398,0.07280316296964884
50,1000,15,37,0.03279915079474449,0.07278555701486766
50,1000,15,38,0.032469596946612,0.07276147790253162
50,1000,15,39,0.03192772902548313,0.07348955003544688
50,1000,15,40,0.0323282890021801,0.07313090586103499
50,1000,15,41,0.03166190697811544,0.07349038519896567
50,1000,15,42,0.032037595054134727,0.09557587187737226
50,1000,15,43,0.03262993600219488,0.07318600709550083
50,1000,15,44,0.033008477883413434,0.07257711817510426
50,1000,15,45,0.032324739964678884,0.07261894410476089
50,1000,15,46,0.07198178302496672,0.07365025510080159
50,1000,15,47,0.03451686003245413,0.07312874519266188
50,1000,15,48,0.03306869696825743,0.07166913105174899
50,1000,15,49,0.03167209797538817,0.07285023014992476
50,1000,16,16,5.256752959918231,4.036676010116935
50,1000,16,17,0.031393305165693164,0.07331174099817872
50,1000,16,18,0.0313953401055187,0.07357291900552809
50,1000,16,19,0.03218114981427789,0.10296264989301562
50,1000,16,20,0.03304637013934553,0.07328411377966404
50,1000,16,21,0.032870948081836104,0.0730447149835527
50,1000,16,22,0.03271962399594486,0.07295185793191195
50,1000,16,23,0.07138802204281092,0.07374594802968204
50,1000,16,24,0.033911895006895065,0.07262779120355844
50,1000,16,25,0.03301499900408089,0.0717862299643457
50,1000,16,26,0.03129837289452553,0.0731422130484134
50,1000,16,27,0.035801553167402744,0.07425353908911347
50,1000,16,28,0.03284087497740984,0.07339475909247994
50,1000,16,29,0.032907695043832064,0.07276621996425092
50,1000,16,30,0.03281897399574518,0.07233355892822146
50,1000,16,31,0.03370755189098418,0.07363525195978582
50,1000,16,32,0.03286763187497854,0.07274593482725322
50,1000,16,33,0.03240915294736624,0.07255473406985402
50,1000,16,34,0.03390402300283313,0.07289529009722173
50,1000,16,35,0.031942865112796426,0.07363673602230847
50,1000,16,36,0.032095979899168015,0.07358836801722646
50,1000,16,37,0.03186298697255552,0.07385215791873634
50,1000,16,38,0.0321058789268136,0.09613290498964489
50,1000,16,39,0.03282319288700819,0.07308259583078325
50,1000,16,40,0.03354996698908508,0.07284231903031468
50,1000,16,41,0.03365262201987207,0.07252586213871837
50,1000,16,42,0.07248628698289394,0.0735940090380609
50,1000,16,43,0.033582111122086644,0.07311085006222129
50,1000,16,44,0.03492357884533703,0.07174509298056364
50,1000,16,45,0.03125631297007203,0.0727422998752445
50,1000,16,46,0.03384826285764575,0.07409080094657838
50,1000,16,47,0.033361053094267845,0.0729990319814533
50,1000,16,48,0.03234697412699461,0.07245549000799656
50,1000,16,49,0.033516748109832406,0.0723093890119344
50,1000,17,17,74.88524145702831,4.1840913749765605
50,1000,17,18,0.0330171890091151,0.07275354582816362
50,1000,17,19,0.06315269996412098,0.07342867902480066
50,1000,17,20,0.032975370064377785,0.0724699730053544
50,1000,17,21,0.03336467291228473,0.07287869695574045
50,1000,17,22,0.03257719497196376,0.0715046338737011
50,1000,17,23,0.03272618702612817,0.07396047096699476
50,1000,17,24,0.03137663914822042,0.0735369639005512
50,1000,17,25,0.03234710800461471,0.07296685501933098
50,1000,17,26,0.032472778810188174,0.07225157204084098
50,1000,17,27,0.0351918158121407,0.07336516887880862
50,1000,17,28,0.03306575305759907,0.07311697001568973
50,1000,17,29,0.03274897392839193,0.07251131488010287
50,1000,17,30,0.03296224377118051,0.11487214313820004
50,1000,17,31,0.033499439945444465,0.07209315104410052
50,1000,17,32,0.031317853135988116,0.07343914499506354
50,1000,17,33,0.03126246598549187,0.07326011708937585
50,1000,17,34,0.03291889699175954,0.10091580520384014
50,1000,17,35,0.03283561789430678,0.07312063709832728
50,1000,17,36,0.03286569402553141,0.07268789294175804
50,1000,17,37,0.032786934869363904,0.0726582680363208
50,1000,17,38,0.06718944502063096,0.07349274400621653
50,1000,17,39,0.03293761401437223,0.07263526716269553
50,1000,17,40,0.033443250926211476,0.07235384080559015
50,1000,17,41,0.03382866480387747,0.07158064190298319
50,1000,17,42,0.033051590202376246,0.07364199007861316
50,1000,17,43,0.03237505303695798,0.07360119884833694
50,1000,17,44,0.03314198297448456,0.07284157606773078
50,1000,17,45,0.03236981900408864,0.0722368829883635
50,1000,17,46,0.03319065016694367,0.07314228289760649
50,1000,17,47,0.03307757689617574,0.07267280505038798
50,1000,17,48,0.03263378515839577,0.07236403203569353
50,1000,17,49,0.0326975469943136,0.11459466302767396
50,1000,18,18,102.36633096914738,4.10011883196421
50,1000,18,19,0.03273500804789364,0.07316209306009114
50,1000,18,20,0.03269280609674752,0.07235627598129213
50,1000,18,21,0.03259842097759247,0.07255514292046428
50,1000,18,22,0.032346219988539815,0.11911570699885488
50,1000,18,23,0.03162644593976438,0.07337582693435252
50,1000,18,24,0.03130119387060404,0.07339465711265802
50,1000,18,25,0.032284402986988425,0.07252175291068852
50,1000,18,26,0.0584492280613631,0.07284243102185428
50,1000,18,27,0.03398208203725517,0.07279766700230539
50,1000,18,28,0.03250188985839486,0.07276224694214761
50,1000,18,29,0.03278117720037699,0.07232407014817
50,1000,18,30,0.034082242054864764,0.07318186690099537
50,1000,18,31,0.032795678824186325,0.0717507740482688
50,1000,18,32,0.03096807887777686,0.07321842201054096
50,1000,18,33,0.03105934802442789,0.07289549801498652
50,1000,18,34,0.032724964898079634,0.07285147299990058
50,1000,18,35,0.0327565879561007,0.07260616309940815
50,1000,18,36,0.03255538712255657,0.07271727081388235
50,1000,18,37,0.03268303000368178,0.10522383311763406
50,1000,18,38,0.03303986694663763,0.07364647509530187
50,1000,18,39,0.03300189878791571,0.07270235591568053
50,1000,18,40,0.03280075499787927,0.07266665692441165
50,1000,18,41,0.032829875126481056,0.11896406183950603
50,1000,18,42,0.03213663096539676,0.07321741501800716
50,1000,18,43,0.03120837709866464,0.07379998592659831
50,1000,18,44,0.03290648898109794,0.0726879220455885
50,1000,18,45,0.05795380589552224,0.07277613691985607
50,1000,18,46,0.03290329687297344,0.07300182711333036
50,1000,18,47,0.032789427088573575,0.07267211098223925
50,1000,18,48,0.03249904210679233,0.07235001213848591
50,1000,18,49,0.033980671083554626,0.07353869080543518
50,1000,19,19,862.5654991790652,4.227741870097816
50,1000,19,20,0.0339002818800509,0.07378611504100263
50,1000,19,21,0.035688110860064626,0.11082654120400548
50,1000,19,22,0.03370950906537473,0.07453580317087471
50,1000,19,23,0.03354201605543494,0.07241641194559634
50,1000,19,24,0.03222806309349835,0.07483873004093766
50,1000,19,25,0.03254091087728739,0.10932723106816411
50,1000,19,26,0.03387107700109482,0.07315095793455839
50,1000,19,27,0.0341864051297307,0.07302321190945804
50,1000,19,28,0.03386354516260326,0.07299980195239186
50,1000,19,29,0.06627943110652268,0.07370297703891993
50,1000,19,30,0.033575790002942085,0.0730785250198096
50,1000,19,31,0.033219404984265566,0.07294678594917059
50,1000,19,32,0.03318711812607944,0.07323895487934351
50,1000,19,33,0.03383776010014117,0.07454731897450984
50,1000,19,34,0.033840266056358814,0.07404724205844104
50,1000,19,35,0.0333619718439877,0.07420670613646507
50,1000,19,36,0.03331839619204402,0.07305203308351338
50,1000,19,37,0.03372853389009833,0.07387570384889841
50,1000,19,38,0.03356134099885821,0.07302602101117373
50,1000,19,39,0.03323233802802861,0.07298225397244096
50,1000,19,40,0.03314203000627458,0.11431588185951114
50,1000,19,41,0.03558490704745054,0.0749168349429965
50,1000,19,42,0.03493376215919852,0.07223696308210492
50,1000,19,43,0.03262415202334523,0.07344327587634325
50,1000,19,44,0.032911065965890884,0.10787332407198846
50,1000,19,45,0.033787566935643554,0.07353090308606625
50,1000,19,46,0.03379816794767976,0.07311289804056287
50,1000,19,47,0.03339599003084004,0.07256794814020395
50,1000,19,48,0.06480214791372418,0.07318816799670458
50,1000,19,49,0.03337265783920884,0.07264808402396739
50,1000,20,20,201.45367517904378,4.034989485051483
50,1000,20,21,0.033759084064513445,0.07482735719531775
50,1000,20,22,0.03487490606494248,0.07375136204063892
50,1000,20,23,0.03398522501811385,0.07327059400267899
50,1000,20,24,0.0349461380392313,0.072753279004246
50,1000,20,25,0.03285428788512945,0.0737942869309336
50,1000,20,26,0.032389089930802584,0.07424554601311684
50,1000,20,27,0.03334474889561534,0.07356697600334883
50,1000,20,28,0.032858006889000535,0.09640913596376777
50,1000,20,29,0.03314230008982122,0.07459620595909655
50,1000,20,30,0.0332536930218339,0.07324598613195121
50,1000,20,31,0.03321956004947424,0.07345283683389425
50,1000,20,32,0.07213228079490364,0.07362784189172089
50,1000,20,33,0.03495435509830713,0.07335074502043426
50,1000,20,34,0.03481625881977379,0.0719125010073185
50,1000,20,35,0.03175339987501502,0.07299936190247536
50,1000,20,36,0.03372555808164179,0.07419124501757324
50,1000,20,37,0.03394546895287931,0.07342769298702478
50,1000,20,38,0.032781354151666164,0.07266529789194465
50,1000,20,39,0.0323533162008971,0.07224122202023864
50,1000,20,40,0.0334177550394088,0.07317963102832437
50,1000,20,41,0.03358005406334996,0.07260219915769994
50,1000,20,42,0.03333555511198938,0.07219668501056731
50,1000,20,43,0.03226854000240564,0.07267029187642038
50,1000,20,44,0.032825257163494825,0.07358721899800003
50,1000,20,45,0.03168428596109152,0.07338351500220597
50,1000,20,46,0.03188381600193679,0.07364228507503867
50,1000,20,47,0.03256302094087005,0.09587838593870401
50,1000,20,48,0.03287696908228099,0.07306961202993989
50,1000,20,49,0.033248102059587836,0.07295241905376315
50,1000,21,21,16.51608949783258,4.198857754003257
50,1000,21,22,0.032381774857640266,0.07371552218683064
50,1000,21,23,0.0319059151224792,0.07378962589427829
50,1000,21,24,0.0317107941955328,0.07353630498982966
50,1000,21,25,0.03260302101261914,0.1012136701028794
50,1000,21,26,0.032852665055543184,0.07332673110067844
50,1000,21,27,0.03467196598649025,0.07316980394534767
50,1000,21,28,0.03310147486627102,0.07265142700634897
50,1000,21,29,0.07176563586108387,0.07356660813093185
50,1000,21,30,0.03405374404974282,0.07308249198831618
50,1000,21,31,0.033137903083115816,0.07183273998089135
50,1000,21,32,0.03195590595714748,0.07307338202372193
50,1000,21,33,0.032941834069788456,0.07351575396023691
50,1000,21,34,0.03319574100896716,0.07324993796646595
50,1000,21,35,0.032621046993881464,0.07275866903364658
50,1000,21,36,0.03263076511211693,0.07247767690569162
50,1000,21,37,0.033539536874741316,0.07307021808810532
50,1000,21,38,0.03296476206742227,0.07289452408440411
50,1000,21,39,0.03275363892316818,0.07257076003588736
50,1000,21,40,0.03276182501576841,0.07275808486156166
50,1000,21,41,0.0323523529805243,0.07350844191387296
50,1000,21,42,0.03144478308968246,0.07369026099331677
50,1000,21,43,0.03206107090227306,0.07363747106865048
50,1000,21,44,0.032953349873423576,0.09643516899086535
50,1000,21,45,0.03292502695694566,0.07325329398736358
50,1000,21,46,0.033251270884647965,0.07267113099806011
50,1000,21,47,0.03286255709826946,0.07260790397413075
50,1000,21,48,0.07133847801014781,0.07386640296317637
50,1000,21,49,0.033808975014835596,0.0726075570564717
50,1000,22,22,249.1998087738175,4.076762848999351
50,1000,22,23,0.031746644992381334,0.07381330896168947
50,1000,22,24,0.032653740141540766,0.07366722216829658
50,1000,22,25,0.032670530024915934,0.07312995498068631
50,1000,22,26,0.03266368783079088,0.07257047691382468
50,1000,22,27,0.035880896961316466,0.07303528883494437
50,1000,22,28,0.03299631294794381,0.07365114893764257
50,1000,22,29,0.03303790604695678,0.07305910205468535
50,1000,22,30,0.033050460973754525,0.07307535083964467
50,1000,22,31,0.033133230870589614,0.07333253580145538
50,1000,22,32,0.03234414989128709,0.07424278603866696
50,1000,22,33,0.03162275697104633,0.07389172702096403
50,1000,22,34,0.032977827126160264,0.07403997285291553
50,1000,22,35,0.03237266489304602,0.09638842009007931
50,1000,22,36,0.03295372799038887,0.07372914697043598
50,1000,22,37,0.032949715154245496,0.07251219102181494
50,1000,22,38,0.032743648160248995,0.07314743497408926
50,1000,22,39,0.07188605796545744,0.07395673985593021
50,1000,22,40,0.03409407497383654,0.07299574883654714
50,1000,22,41,0.03449440491385758,0.07170843100175261
50,1000,22,42,0.031214596005156636,0.07309513515792787
50,1000,22,43,0.03311759512871504,0.07398111699149013
50,1000,22,44,0.03550233109854162,0.0731307421810925
50,1000,22,45,0.03260535188019276,0.07283131405711174
50,1000,22,46,0.0326943879481405,0.07254369696602225
50,1000,22,47,0.03373106196522713,0.07364701991900802
50,1000,22,48,0.03306930814869702,0.07281384710222483
50,1000,22,49,0.03381661488674581,0.07284110714681447
50,1000,23,23,121.0999227729626,4.179091140860692
50,1000,23,24,0.03333432809449732,0.07308281492441893
50,1000,23,25,0.06115535902790725,0.07365575106814504
50,1000,23,26,0.03320640092715621,0.07346018683165312
50,1000,23,27,0.035291635897010565,0.07276424299925566
50,1000,23,28,0.03253252408467233,0.07273586699739099
50,1000,23,29,0.03404306108132005,0.07201172481290996
50,1000,23,30,0.031494515016674995,0.07377317105419934
50,1000,23,31,0.03194078407250345,0.0739055487792939
50,1000,23,32,0.03134822100400925,0.07360284798778594
50,1000,23,33,0.03300263197161257,0.07303413609042764
50,1000,23,34,0.03408771799877286,0.073072399944067
50,1000,23,35,0.03473028214648366,0.07302022608928382
50,1000,23,36,0.03251653187908232,0.11004039505496621
50,1000,23,37,0.03366335481405258,0.07383150211535394
50,1000,23,38,0.03316768794320524,0.07307313499040902
50,1000,23,39,0.03295435896143317,0.07189101097173989
50,1000,23,40,0.031394066056236625,0.11294269794598222
50,1000,23,41,0.03420474985614419,0.07400598400272429
50,1000,23,42,0.03278284706175327,0.07358923088759184
50,1000,23,43,0.03253238508477807,0.0729356650263071
50,1000,23,44,0.06167889689095318,0.07312837895005941
50,1000,23,45,0.032751357182860374,0.07290238607674837
50,1000,23,46,0.0329760299064219,0.07250337000004947
50,1000,23,47,0.03291671210899949,0.07273614103905857
50,1000,23,48,0.034323303028941154,0.07195723196491599
50,1000,23,49,0.03180597489699721,0.07378447195515037
50,1000,24,24,9.012724227970466,4.220488844206557
50,1000,24,25,0.06336776702664793,0.0736820138990879
50,1000,24,26,0.033413148019462824,0.07327032298780978
50,1000,24,27,0.035199834033846855,0.0717641890514642
50,1000,24,28,0.031194733921438456,0.07295669987797737
50,1000,24,29,0.033018199959769845,0.07386593311093748
50,1000,24,30,0.03307040804065764,0.07320800190791488
50,1000,24,31,0.032873668940737844,0.07289099600166082
50,1000,24,32,0.03282771701924503,0.07262190198525786
50,1000,24,33,0.033504185965284705,0.0739522660151124
50,1000,24,34,0.03385841008275747,0.07232985598966479
50,1000,24,35,0.032606746070086956,0.07264980999752879
50,1000,24,36,0.03331354004330933,0.0727334120310843
50,1000,24,37,0.03314866800792515,0.07374395709484816
50,1000,24,38,0.031455173157155514,0.07377915014512837
50,1000,24,39,0.03153752186335623,0.07395282108336687
50,1000,24,40,0.03269769391044974,0.09664577501825988
50,1000,24,41,0.03382170293480158,0.07304994901642203
50,1000,24,42,0.03356913081370294,0.0729003120213747
50,1000,24,43,0.03266068804077804,0.07278867485001683
50,1000,24,44,0.0728052610065788,0.0736904910299927
50,1000,24,45,0.033775709103792906,0.0727710050996393
50,1000,24,46,0.03361367713660002,0.07165902084670961
50,1000,24,47,0.03162352181971073,0.07287110295146704
50,1000,24,48,0.03269931301474571,0.07354853395372629
50,1000,24,49,0.03295581601560116,0.07308206195011735
50,1000,25,25,20.1035513530951,4.074923816137016
50,1000,25,26,0.06285489490255713,0.07367949606850743
50,1000,25,27,0.03505885787308216,0.07309619383886456
50,1000,25,28,0.0330204819329083,0.07308024493977427
50,1000,25,29,0.03295165696181357,0.07218814291991293
50,1000,25,30,0.03288127784617245,0.07389840600080788
50,1000,25,31,0.03189860098063946,0.07408979698084295
50,1000,25,32,0.03248083684593439,0.07281484920531511
50,1000,25,33,0.032442650059238076,0.07244734186679125
50,1000,25,34,0.03396723000332713,0.07312607509084046
50,1000,25,35,0.032577211037278175,0.07334375497885048
50,1000,25,36,0.0326729288790375,0.07275476213544607
50,1000,25,37,0.032932577887549996,0.11478208610787988
50,1000,25,38,0.03351910714991391,0.07197920000180602
50,1000,25,39,0.031358669977635145,0.07374349096789956
50,1000,25,40,0.03179994109086692,0.07350727613084018
50,1000,25,41,0.03206370794214308,0.10127692297101021
50,1000,25,42,0.032920764992013574,0.07308856607414782
50,1000,25,43,0.03267823113128543,0.07283793203532696
50,1000,25,44,0.034942439990118146,0.07286296994425356
50,1000,25,45,0.06726343999616802,0.0739194240886718
50,1000,25,46,0.033863000106066465,0.07281034183688462
50,1000,25,47,0.03349233511835337,0.07311025192029774
50,1000,25,48,0.03320343396626413,0.07190688303671777
50,1000,25,49,0.03351219091564417,0.07448163814842701
50,1000,26,26,6437.006450517103,3.9774639010429382
50,1000,26,27,0.0333964959718287,0.07220617588609457
50,1000,26,28,0.030720979906618595,0.0722616920247674
50,1000,26,29,0.030682550044730306,0.07170433294959366
50,1000,26,30,0.032288279151543975,0.07141179009340703
50,1000,26,31,0.0319600529037416,0.07185918907634914
50,1000,26,32,0.03174023004248738,0.07094151503406465
50,1000,26,33,0.03171452693641186,0.10837421007454395
50,1000,26,34,0.03409869386814535,0.07257238286547363
50,1000,26,35,0.03223574790172279,0.07137783686630428
50,1000,26,36,0.03252022014930844,0.0702314639929682
50,1000,26,37,0.03118784399703145,0.1109507258515805
50,1000,26,38,0.03094103396870196,0.0719015549402684
50,1000,26,39,0.03165251691825688,0.07132611516863108
50,1000,26,40,0.032313098199665546,0.07069121208041906
50,1000,26,41,0.06084423791617155,0.07162507204338908
50,1000,26,42,0.033339039189741015,0.071253702044487
50,1000,26,43,0.03177025308832526,0.07108537200838327
50,1000,26,44,0.03299720189534128,0.07102034101262689
50,1000,26,45,0.03383896197192371,0.07013358687981963
50,1000,26,46,0.031178027857095003,0.072212876053527
50,1000,26,47,0.0312981391325593,0.07190076285041869
50,1000,26,48,0.030560488114133477,0.0716815220657736
50,1000,26,49,0.032960213953629136,0.07164095784537494
50,1000,27,27,44.98370496998541,4.082503156969324
50,1000,27,28,0.032493541948497295,0.07161823520436883
50,1000,27,29,0.03089566994458437,0.072206448065117
50,1000,27,30,0.03080366598442197,0.07225209521129727
50,1000,27,31,0.03071104409173131,0.072200101101771
50,1000,27,32,0.03150262194685638,0.0943952570669353
50,1000,27,33,0.03184707392938435,0.07168000587262213
50,1000,27,34,0.03225138993002474,0.07126200990751386
50,1000,27,35,0.031738006975501776,0.071322375908494
50,1000,27,36,0.07042652694508433,0.07199558103457093
50,1000,27,37,0.032425096025690436,0.07136405003257096
50,1000,27,38,0.03244004095904529,0.07006214582361281
50,1000,27,39,0.030151821207255125,0.07123420108109713
50,1000,27,40,0.03247266192920506,0.0723657701164484
50,1000,27,41,0.03203502809628844,0.07138377288356423
50,1000,27,42,0.031861206982284784,0.0711444141343236
50,1000,27,43,0.03203781694173813,0.07061571488156915
50,1000,27,44,0.03307401202619076,0.07174566597677767
50,1000,27,45,0.031915992964059114,0.07097644195891917
50,1000,27,46,0.03217276697978377,0.07121572713367641
50,1000,27,47,0.03196551091969013,0.07134567084722221
50,1000,27,48,0.031163800973445177,0.07198131899349391
50,1000,27,49,0.030891817063093185,0.07185312383808196
50,1000,28,28,53.124283388024196,4.0760097010061145
50,1000,28,29,0.03237080085091293,0.07166076498106122
50,1000,28,30,0.03216689801774919,0.07105981302447617
50,1000,28,31,0.03190871304832399,0.07103982684202492
50,1000,28,32,0.03344041504897177,0.11065970687195659
50,1000,28,33,0.03322679316624999,0.07215476781129837
50,1000,28,34,0.03374602901749313,0.06981250992976129
50,1000,28,35,0.030458861030638218,0.07138558896258473
50,1000,28,36,0.03051517903804779,0.10527290403842926
50,1000,28,37,0.0323630990460515,0.07134542893618345
50,1000,28,38,0.03232273901812732,0.07095063012093306
50,1000,28,39,0.03173149190843105,0.07095794007182121
50,1000,28,40,0.06301360996440053,0.07191487192176282
50,1000,28,41,0.03301831614226103,0.07119451183825731
50,1000,28,42,0.032443958101794124,0.07092172605916858
50,1000,28,43,0.03261831193231046,0.0713226308580488
50,1000,28,44,0.03283663606271148,0.07221694383770227
50,1000,28,45,0.03132790885865688,0.0722970908973366
50,1000,28,46,0.03092878800816834,0.07242993707768619
50,1000,28,47,0.03171627200208604,0.07104136282578111
50,1000,28,48,0.0324226978700608,0.07130157691426575
50,1000,28,49,0.03248646087013185,0.07159193907864392
50,1000,29,29,9.714896661927924,4.067804811056703
50,1000,29,30,0.06758641800843179,0.07169439806602895
50,1000,29,31,0.03266460890881717,0.07154894387349486
50,1000,29,32,0.03204927407205105,0.07168211601674557
50,1000,29,33,0.031915351981297135,0.07136192405596375
50,1000,29,34,0.03488580510020256,0.07188549009151757
50,1000,29,35,0.03229778818786144,0.07120366720482707
50,1000,29,36,0.032337713055312634,0.07083229999989271
50,1000,29,37,0.030663285870105028,0.0712543479166925
50,1000,29,38,0.031049440847709775,0.07255919696763158
50,1000,29,39,0.03285057982429862,0.0714949939865619
50,1000,29,40,0.031996361911296844,0.07082196394912899
50,1000,29,41,0.03331994800828397,0.098154759965837
50,1000,29,42,0.03254443989135325,0.07225458486936986
50,1000,29,43,0.031951273093000054,0.07146336487494409
50,1000,29,44,0.03376725409179926,0.07112653320655227
50,1000,29,45,0.07615674310363829,0.0714480490423739
50,1000,29,46,0.031759592005982995,0.07213183119893074
50,1000,29,47,0.031342529924586415,0.07178551307879388
50,1000,29,48,0.030720609007403255,0.07227216404862702
50,1000,29,49,0.05675072898156941,0.07163344603031874
50,1000,30,30,29.31635427288711,3.949815043946728
50,1000,30,31,0.03269763709977269,0.0703754061833024
50,1000,30,32,0.030887919012457132,0.07200915296562016
50,1000,30,33,0.030621004989370704,0.07227959902957082
50,1000,30,34,0.033928411081433296,0.07115472108125687
50,1000,30,35,0.0314041709061712,0.09659439790993929
50,1000,30,36,0.03226632694713771,0.07191350706852973
50,1000,30,37,0.0322589089628309,0.07155593996867537
50,1000,30,38,0.03206223505549133,0.07123398687690496
50,1000,30,39,0.07505832216702402,0.0728297010064125
50,1000,30,40,0.03335323999635875,0.07005561492405832
50,1000,30,41,0.031905589159578085,0.07165583805181086
50,1000,30,42,0.0306184699293226,0.07165629300288856
50,1000,30,43,0.061663501895964146,0.07146112201735377
50,1000,30,44,0.034888632129877806,0.07165560103021562
50,1000,30,45,0.03166070207953453,0.07074900600127876
50,1000,30,46,0.03222865308634937,0.07160882791504264
50,1000,30,47,0.03300496097654104,0.07195105496793985
50,1000,30,48,0.032412393018603325,0.07102403393946588
50,1000,30,49,0.032668564934283495,0.07116986601613462
50,1000,31,31,51.60820966400206,4.043258935911581
50,1000,31,32,0.03098209504969418,0.07208258705213666
50,1000,31,33,0.03160933800972998,0.07094014994800091
50,1000,31,34,0.0622478318400681,0.07184312492609024
50,1000,31,35,0.03219865495339036,0.07121794205158949
50,1000,31,36,0.03193968487903476,0.0711599257774651
50,1000,31,37,0.03179176012054086,0.07090302603319287
50,1000,31,38,0.03317949711345136,0.07177220215089619
50,1000,31,39,0.03228189307264984,0.07021962804719806
50,1000,31,40,0.03105357801541686,0.07114973501302302
50,1000,31,41,0.031261254800483584,0.07140345009975135
50,1000,31,42,0.03226558491587639,0.07137582101859152
50,1000,31,43,0.03182448213919997,0.07124723587185144
50,1000,31,44,0.03306990396231413,0.07064011180773377
50,1000,31,45,0.0316525399684906,0.10313252289779484
50,1000,31,46,0.032781359972432256,0.07179545797407627
50,1000,31,47,0.033045618096366525,0.07197305699810386
50,1000,31,48,0.032313061878085136,0.07162615098059177
50,1000,31,49,0.03214175789617002,0.11743840202689171
50,1000,32,32,811.4135866269935,4.121769689023495
50,1000,32,33,0.03301639179699123,0.07208422082476318
50,1000,32,34,0.03276698896661401,0.07115098997019231
50,1000,32,35,0.03420509002171457,0.07102330704219639
50,1000,32,36,0.031527712009847164,0.07062206394039094
50,1000,32,37,0.032358669908717275,0.07204807596281171
50,1000,32,38,0.03253539279103279,0.07075803610496223
50,1000,32,39,0.0316331519279629,0.07079645502381027
50,1000,32,40,0.032277608988806605,0.07113875611685216
50,1000,32,41,0.03254234092310071,0.07186285802163184
50,1000,32,42,0.030840958934277296,0.0718076080083847
50,1000,32,43,0.032212740974500775,0.07219111011363566
50,1000,32,44,0.033417279133573174,0.09379138494841754
50,1000,32,45,0.032006403198465705,0.07113008014857769
50,1000,32,46,0.032245022943243384,0.07118134689517319
50,1000,32,47,0.03541538491845131,0.0712469348218292
50,1000,32,48,0.07009880477562547,0.07290377910248935
50,1000,32,49,0.033427055925130844,0.07112523820251226
50,1000,33,33,45.38620379078202,4.018843405181542
50,1000,33,34,0.07292501092888415,0.07197220902889967
50,1000,33,35,0.03217983804643154,0.0713157900609076
50,1000,33,36,0.031884685857221484,0.07102239085361362
50,1000,33,37,0.03173728100955486,0.07102577877230942
50,1000,33,38,0.03297902108170092,0.07203657296486199
50,1000,33,39,0.03246667003259063,0.07030235091224313
50,1000,33,40,0.031270626932382584,0.0713180189486593
50,1000,33,41,0.031000318005681038,0.0717047699727118
50,1000,33,42,0.03203201084397733,0.07163807097822428
50,1000,33,43,0.03234586492180824,0.07169445301406085
50,1000,33,44,0.034000102896243334,0.07083288696594536
50,1000,33,45,0.03196260705590248,0.10309831681661308
50,1000,33,46,0.03343657101504505,0.07170328684151173
50,1000,33,47,0.0329878069460392,0.07084667193703353
50,1000,33,48,0.03188908705487847,0.07126366207376122
50,1000,33,49,0.032645834144204855,0.11716493591666222
50,1000,34,34,143.0428964709863,3.9531013360247016
50,1000,34,35,0.035216919146478176,0.0713161260355264
50,1000,34,36,0.03204873017966747,0.0713512641377747
50,1000,34,37,0.03187150601297617,0.07116679102182388
50,1000,34,38,0.07282259501516819,0.0722871960606426
50,1000,34,39,0.03346468089148402,0.07134718401357532
50,1000,34,40,0.032303825952112675,0.06978102400898933
50,1000,34,41,0.03148494195193052,0.07101260288618505
50,1000,34,42,0.032350690104067326,0.07208022102713585
50,1000,34,43,0.03192766499705613,0.07144457707181573
50,1000,34,44,0.032427425030618906,0.07092841900885105
50,1000,34,45,0.031627546064555645,0.07053607003763318
50,1000,34,46,0.03258707607164979,0.07171691907569766
50,1000,34,47,0.032394011970609426,0.07102436013519764
50,1000,34,48,0.03185808495618403,0.07090571103617549
50,1000,34,49,0.0320842619985342,0.0710873631760478
50,1000,35,35,396.1497798007913,4.137865434866399
50,1000,35,36,0.032220544992014766,0.07125112903304398
50,1000,35,37,0.03213089914061129,0.07145830895751715
50,1000,35,38,0.031126858899369836,0.07199692004360259
50,1000,35,39,0.03052495699375868,0.0719415561761707
50,1000,35,40,0.03103000298142433,0.07196424505673349
50,1000,35,41,0.03234796295873821,0.09416885115206242
50,1000,35,42,0.03193513280712068,0.07191979885101318
50,1000,35,43,0.03221672493964434,0.07143910508602858
50,1000,35,44,0.032770870020613074,0.07119526388123631
50,1000,35,45,0.07022162200883031,0.07193039613775909
50,1000,35,46,0.033341350965201855,0.07178944488987327
50,1000,35,47,0.032514085061848164,0.06986221997067332
50,1000,35,48,0.030468772863969207,0.07116110110655427
50,1000,35,49,0.03295344300568104,0.0719914329238236
50,1000,36,36,41.48852986097336,4.130530629074201
50,1000,36,37,0.033189602894708514,0.0714469498489052
50,1000,36,38,0.06644480093382299,0.07289032801054418
50,1000,36,39,0.03270700108259916,0.07161113107576966
50,1000,36,40,0.03340313886292279,0.06991862691938877
50,1000,36,41,0.0313210510648787,0.0709714638069272
50,1000,36,42,0.03268399182707071,0.07202822109684348
50,1000,36,43,0.0321278169285506,0.07139502791687846
50,1000,36,44,0.03392052394337952,0.07151812897063792
50,1000,36,45,0.03188161505386233,0.07090480206534266
50,1000,36,46,0.03322882414795458,0.07171976612880826
50,1000,36,47,0.03427546308375895,0.07110992213711143
50,1000,36,48,0.03201921796426177,0.07119569391943514
50,1000,36,49,0.033171311020851135,0.07149583590216935
50,1000,37,37,473.6913462630473,4.018773338058963
50,1000,37,38,0.03139088395982981,0.07225871202535927
50,1000,37,39,0.030996582936495543,0.07236467208713293
50,1000,37,40,0.03201880306005478,0.07091320399194956
50,1000,37,41,0.0346729198936373,0.07058245688676834
50,1000,37,42,0.0327734830789268,0.07144967908971012
50,1000,37,43,0.03222447098232806,0.07147072907537222
50,1000,37,44,0.033775364980101585,0.07103919796645641
50,1000,37,45,0.03358919103629887,0.11341906618326902
50,1000,37,46,0.03342931903898716,0.07033521914854646
50,1000,37,47,0.031026836950331926,0.07198309991508722
50,1000,37,48,0.03065177286043763,0.07174030202440917
50,1000,37,49,0.030874247895553708,0.09988949284888804
50,1000,38,38,65.15657891798764,3.9541416268330067
50,1000,38,39,0.03257104102522135,0.07061901688575745
50,1000,38,40,0.03187048202380538,0.07207060907967389
50,1000,38,41,0.03165940986946225,0.07210358511656523
50,1000,38,42,0.031810750951990485,0.07154712406918406
50,1000,38,43,0.03264700993895531,0.07115400396287441
50,1000,38,44,0.03411108488216996,0.07177389389835298
50,1000,38,45,0.032045767875388265,0.07127422490157187
50,1000,38,46,0.032474408857524395,0.0711119631305337
50,1000,38,47,0.032438044901937246,0.11352825700305402
50,1000,38,48,0.033214139053598046,0.07068399316631258
50,1000,38,49,0.031225127866491675,0.07198986993171275
50,1000,39,39,231.52514579193667,4.095139862038195
50,1000,39,40,0.03235616092570126,0.07144744717516005
50,1000,39,41,0.06532753491774201,0.07229563081637025
50,1000,39,42,0.03262010798789561,0.07118471409194171
50,1000,39,43,0.03208754910156131,0.07022117078304291
50,1000,39,44,0.03205129085108638,0.0710144299082458
50,1000,39,45,0.032651657005771995,0.07192004285752773
50,1000,39,46,0.032346481923013926,0.07158025377430022
50,1000,39,47,0.03235331200994551,0.07097094389609993
50,1000,39,48,0.03157026297412813,0.0706631438806653
50,1000,39,49,0.032901835860684514,0.07192745502106845
50,1000,40,40,217.71169526409358,4.792844648938626
50,1000,40,41,0.03306363010779023,0.07237907010130584
50,1000,40,42,0.03266483196057379,0.07117074402049184
50,1000,40,43,0.032128848833963275,0.0715050189755857
50,1000,40,44,0.033193830866366625,0.11783226998522878
50,1000,40,45,0.03115628706291318,0.07229547598399222
50,1000,40,46,0.03093253285624087,0.07208803109824657
50,1000,40,47,0.03216686611995101,0.07113529997877777
50,1000,40,48,0.058484595036134124,0.07146461284719408
50,1000,40,49,0.032830771058797836,0.07130144396796823
50,1000,41,41,10.240255479002371,3.9395338140893728
50,1000,41,42,0.031877069966867566,0.11001174990087748
50,1000,41,43,0.03284174599684775,0.0718580731190741
50,1000,41,44,0.03246173798106611,0.07127638184465468
50,1000,41,45,0.03198839514516294,0.07087426190264523
50,1000,41,46,0.0750276749022305,0.07257451978512108
50,1000,41,47,0.0331105450168252,0.0699839701410383
50,1000,41,48,0.030630809953436255,0.07170129497535527
50,1000,41,49,0.030990205937996507,0.07170976512134075
50,1000,42,42,59.082734438125044,4.916820903075859
50,1000,42,43,0.032108017010614276,0.07149044796824455
50,1000,42,44,0.0654915850609541,0.07208689791150391
50,1000,42,45,0.0325359299313277,0.06995975598692894
50,1000,42,46,0.030925529077649117,0.07167583401314914
50,1000,42,47,0.03118777507916093,0.07105283299461007
50,1000,42,48,0.06217482313513756,0.07138448604382575
50,1000,42,49,0.03265778487548232,0.07173545798286796
50,1000,43,43,849.0200873520225,4.067499536089599
50,1000,43,44,0.05653961095958948,0.07156218588352203
50,1000,43,45,0.03251770604401827,0.07133141998201609
50,1000,43,46,0.03215707396157086,0.07010627212002873
50,1000,43,47,0.03060985798947513,0.07108246092684567
50,1000,43,48,0.03211827203631401,0.07210906012915075
50,1000,43,49,0.032517837127670646,0.07131606410257518
50,1000,44,44,141.3970673889853,4.72248456790112
50,1000,44,45,0.044998756842687726,0.10166002111509442
50,1000,44,46,0.044785669073462486,0.10155745805241168
50,1000,44,47,0.042638920014724135,0.08903385209850967
50,1000,44,48,0.041317007038742304,0.08725536009296775
50,1000,44,49,0.038238015957176685,0.08481098292395473
50,1000,45,45,295.89263865188695,4.067785143153742
50,1000,45,46,0.03128120698966086,0.07212395407259464
50,1000,45,47,0.030852250987663865,0.07193751097656786
50,1000,45,48,0.030483034905046225,0.07205128693021834
50,1000,45,49,0.03179116197861731,0.09924467699602246
50,1000,46,46,9.228149982867762,4.010029691038653
50,1000,46,47,0.031677043065428734,0.07200513477437198
50,1000,46,48,0.03181338496506214,0.07107284502126276
50,1000,46,49,0.032759662019088864,0.07136142090894282
50,1000,47,47,59.918194183148444,4.030371239874512
50,1000,47,48,0.03211523499339819,0.0711174460593611
50,1000,47,49,0.03384515596553683,0.07172401202842593
50,1000,48,48,13.386341300792992,3.881037970073521
50,1000,48,49,0.0327873460482806,0.07108195405453444
50,1000,49,49,20.48864633613266,4.144970721099526
